{
  "currentCount": 33,
  "data": [
    {
      "시작시간": "09:00",
      "시작일": "2022-02-08",
      "요금": null,
      "종료시간": "16:00",
      "종료일": "2022-03-31",
      "주관": null,
      "주최": null,
      "콘텐츠명": "2022 스누피가든 발렌타인 축제 - LOVE IN SNOOPYGARDEN",
      "후원": null
      ,"imgUrl" : "https://photo.visitjeju.net/usr/cnt/getContentsImage.do?cntId=10129&imgType=R3"
    },
    {
      "시작시간": null,
      "시작일": "2022-03-03",
      "요금": null,
      "종료시간": null,
      "종료일": "2022-03-31",
      "주관": null,
      "주최": null,
      "콘텐츠명": "명월국민학교 × 폴라로이드스타일 팝업스토어",
      "후원": null,"imgUrl" : "https://photo.visitjeju.net/usr/cnt/getContentsImage.do?cntId=10125&imgType=R3"
    },
    {
      "시작시간": null,
      "시작일": "2022-03-21",
      "요금": null,
      "종료시간": null,
      "종료일": "2022-03-27",
      "주관": null,
      "주최": null,
      "콘텐츠명": "2022 하영올레 걷기축제 & 걷기주간",
      "후원": null,"imgUrl" : "https://photo.visitjeju.net/usr/cnt/getContentsImage.do?cntId=6927&imgType=R2"
    },
    {
      "시작시간": "18:00",
      "시작일": "2022-04-09",
      "요금": null,
      "종료시간": "18:00",
      "종료일": "2022-04-09",
      "주관": null,
      "주최": null,
      "콘텐츠명": "세계자동차&피아노박물관 4th 봄날의 향연 뮤지엄콘서트",
      "후원": null,"imgUrl" : "https://photo.visitjeju.net/usr/cnt/getContentsImage.do?cntId=10125&imgType=R3"
    },
    {
      "시작시간": null,
      "시작일": "2022-06-11",
      "요금": null,
      "종료시간": null,
      "종료일": "2022-06-11",
      "주관": null,
      "주최": null,
      "콘텐츠명": "2022 제주 요가 페스티벌",
      "후원": null,"imgUrl" : "https://photo.visitjeju.net/usr/cnt/getContentsImage.do?cntId=6945&imgType=R2"
    },
    {
      "시작시간": null,
      "시작일": "2022-06-05",
      "요금": null,
      "종료시간": null,
      "종료일": "2022-06-05",
      "주관": null,
      "주최": null,
      "콘텐츠명": "한라산 철쭉 등산대회",
      "후원": null,"imgUrl" : "https://photo.visitjeju.net/usr/cnt/getContentsImage.do?cntId=9543&imgType=R2"
    },
    {
      "시작시간": null,
      "시작일": "2022-05-05",
      "요금": null,
      "종료시간": null,
      "종료일": "2022-05-31",
      "주관": null,
      "주최": null,
      "콘텐츠명": "PRESENT OF JEJU, 스누피가든 5월 EVENT - GROWING IN SNOOPY GARDEN",
      "후원": null,"imgUrl" : "https://photo.visitjeju.net/usr/cnt/getContentsImage.do?cntId=10125&imgType=R3"
    },
    {
      "시작시간": null,
      "시작일": null,
      "요금": null,
      "종료시간": null,
      "종료일": null,
      "주관": null,
      "주최": null,
      "콘텐츠명": ".....",
      "후원": null,"imgUrl" : "https://photo.visitjeju.net/usr/cnt/getContentsImage.do?cntId=10125&imgType=R3"
    },
    {
      "시작시간": null,
      "시작일": "2022-06-11",
      "요금": null,
      "종료시간": null,
      "종료일": "2022-06-11",
      "주관": null,
      "주최": null,
      "콘텐츠명": "2022 세계인제주 외국인 커뮤니티 제전",
      "후원": null,"imgUrl" : "https://photo.visitjeju.net/usr/cnt/getContentsImage.do?cntId=10124&imgType=R3"
    },
    {
      "시작시간": null,
      "시작일": "2022-06-03",
      "요금": null,
      "종료시간": null,
      "종료일": "2022-06-11",
      "주관": null,
      "주최": null,
      "콘텐츠명": "한개의 별을 노래하자(제2회 웰니스 숲힐링 축제)",
      "후원": null,"imgUrl" : "https://photo.visitjeju.net/usr/cnt/getContentsImage.do?cntId=10123&imgType=R3"
    },
    {
      "시작시간": "17:30",
      "시작일": "2022-06-04",
      "요금": null,
      "종료시간": null,
      "종료일": "2022-06-04",
      "주관": null,
      "주최": null,
      "콘텐츠명": "에그박사와 함께하는 곤충탐험대(제2회 웰니스 숲힐링 축제)",
      "후원": null,"imgUrl" : "https://photo.visitjeju.net/usr/cnt/getContentsImage.do?cntId=10122&imgType=R3"
    },
    {
      "시작시간": null,
      "시작일": "2022-06-11",
      "요금": null,
      "종료시간": null,
      "종료일": "2022-06-11",
      "주관": null,
      "주최": null,
      "콘텐츠명": "2022 서귀포 봄맞이 축제",
      "후원": null,"imgUrl" : "https://photo.visitjeju.net/usr/cnt/getContentsImage.do?cntId=10121&imgType=R3"
    },
    {
      "시작시간": "14:00",
      "시작일": "2022-06-11",
      "요금": null,
      "종료시간": null,
      "종료일": "2022-06-12",
      "주관": null,
      "주최": null,
      "콘텐츠명": "숲에서 살아나는 스트릿댄스(제2회 웰니스 숲힐링 축제)",
      "후원": null,"imgUrl" : "https://photo.visitjeju.net/usr/cnt/getContentsImage.do?cntId=10120&imgType=R3"
    },
    {
      "시작시간": "10:00",
      "시작일": "2022-06-07",
      "요금": null,
      "종료시간": "12:00",
      "종료일": "2022-06-10",
      "주관": null,
      "주최": null,
      "콘텐츠명": "치유의숲 [바라]봄! [돌]봄! 환경수호대(제2회 웰니스 숲힐링 축제)",
      "후원": null,"imgUrl" : "https://photo.visitjeju.net/usr/cnt/getContentsImage.do?cntId=10125&imgType=R3"
    },
    {
      "시작시간": "09:00",
      "시작일": "2022-06-04",
      "요금": 10000,
      "종료시간": "19:00",
      "종료일": "2022-07-03",
      "주관": null,
      "주최": null,
      "콘텐츠명": "상효원수목원 수국축제",
      "후원": null,"imgUrl" : "https://photo.visitjeju.net/usr/cnt/getContentsImage.do?cntId=10125&imgType=R3"
    },
    {
      "시작시간": "09:00",
      "시작일": "2022-06-17",
      "요금": null,
      "종료시간": "17:00",
      "종료일": "2022-06-26",
      "주관": null,
      "주최": null,
      "콘텐츠명": "제주 한림공원 수국 축제",
      "후원": null,"imgUrl" : "https://photo.visitjeju.net/usr/cnt/getContentsImage.do?cntId=10125&imgType=R3"
    },
    {
      "시작시간": "16:00",
      "시작일": "2022-08-20",
      "요금": null,
      "종료시간": "21:00",
      "종료일": "2022-08-20",
      "주관": null,
      "주최": null,
      "콘텐츠명": "제주한잔 우리술 페스티벌",
      "후원": null,"imgUrl" : "https://photo.visitjeju.net/usr/cnt/getContentsImage.do?cntId=10125&imgType=R3"
    },
    {
      "시작시간": "14:00",
      "시작일": "2022-08-20",
      "요금": null,
      "종료시간": "16:00",
      "종료일": "2022-08-20",
      "주관": null,
      "주최": null,
      "콘텐츠명": "절물약수암 제5회 산사음악회",
      "후원": null,"imgUrl" : "https://photo.visitjeju.net/usr/cnt/getContentsImage.do?cntId=10125&imgType=R3"
    },
    {
      "시작시간": "16:00",
      "시작일": "2022-08-27",
      "요금": null,
      "종료시간": "19:00",
      "종료일": "2022-08-27",
      "주관": null,
      "주최": null,
      "콘텐츠명": "2022 Miracle 365 아이스버킷 챌린지 RUN IN JEJU",
      "후원": null,"imgUrl" : "https://photo.visitjeju.net/usr/cnt/getContentsImage.do?cntId=10125&imgType=R3"
    },
    {
      "시작시간": "09:00",
      "시작일": "2022-09-24",
      "요금": null,
      "종료시간": "17:00",
      "종료일": "2022-09-24",
      "주관": null,
      "주최": null,
      "콘텐츠명": "2022 용담 용연문화제",
      "후원": null,"imgUrl" : "https://photo.visitjeju.net/usr/cnt/getContentsImage.do?cntId=10129&imgType=R3"
    },
    {
      "시작시간": null,
      "시작일": "2022-10-15",
      "요금": null,
      "종료시간": null,
      "종료일": "2022-11-13",
      "주관": null,
      "주최": null,
      "콘텐츠명": "JEMI 페스타",
      "후원": null,"imgUrl" : "https://photo.visitjeju.net/usr/cnt/getContentsImage.do?cntId=10129&imgType=R3"
    },
    {
      "시작시간": "09:00",
      "시작일": "2022-09-24",
      "요금": null,
      "종료시간": "18:30",
      "종료일": "2022-11-06",
      "주관": null,
      "주최": null,
      "콘텐츠명": "상효원 가을 국화축제",
      "후원": null,"imgUrl" : "https://photo.visitjeju.net/usr/cnt/getContentsImage.do?cntId=10129&imgType=R3"
    },
    {
      "시작시간": null,
      "시작일": "2022-10-14",
      "요금": null,
      "종료시간": null,
      "종료일": "2022-12-31",
      "주관": null,
      "주최": null,
      "콘텐츠명": "본태박물관 개관 10주년 특별전시 <삶을 아름답게 - 생활을 풍요롭게>",
      "후원": null,"imgUrl" : "https://photo.visitjeju.net/usr/cnt/getContentsImage.do?cntId=10129&imgType=R3"
    },
    {
      "시작시간": null,
      "시작일": "2022-10-28",
      "요금": null,
      "종료시간": null,
      "종료일": "2022-10-31",
      "주관": null,
      "주최": null,
      "콘텐츠명": "제주민속촌 야간개장 조선 할로윈",
      "후원": null,"imgUrl" : "https://photo.visitjeju.net/usr/cnt/getContentsImage.do?cntId=10129&imgType=R3"
    },
    {
      "시작시간": null,
      "시작일": "2022-12-01",
      "요금": null,
      "종료시간": null,
      "종료일": "2023-01-15",
      "주관": null,
      "주최": null,
      "콘텐츠명": "MERRY CHISTMAS IN SNOOPY GARDEN - 스누피가든에서 즐기는 행복한 크리스마스",
      "후원": null,"imgUrl" : "https://photo.visitjeju.net/usr/cnt/getContentsImage.do?cntId=10129&imgType=R3"
    },
    {
      "시작시간": null,
      "시작일": "2023-01-01",
      "요금": null,
      "종료시간": null,
      "종료일": "2023-04-15",
      "주관": null,
      "주최": null,
      "콘텐츠명": "휴애리 유채꽃 축제",
      "후원": null,"imgUrl" : "https://photo.visitjeju.net/usr/cnt/getContentsImage.do?cntId=10129&imgType=R3"
    },
    {
      "시작시간": "09:00",
      "시작일": "2023-03-05",
      "요금": null,
      "종료시간": "19:00",
      "종료일": "2023-04-16",
      "주관": null,
      "주최": null,
      "콘텐츠명": "마노르블랑 봄에 꽃향기축제",
      "후원": null,"imgUrl" : "https://photo.visitjeju.net/usr/cnt/getContentsImage.do?cntId=10129&imgType=R3"
    },
    {
      "시작시간": "09:00",
      "시작일": "2022-03-25",
      "요금": null,
      "종료시간": "22:00",
      "종료일": "2022-04-15",
      "주관": null,
      "주최": null,
      "콘텐츠명": "제주허브동산 설유화 축제",
      "후원": null,"imgUrl" : "https://photo.visitjeju.net/usr/cnt/getContentsImage.do?cntId=10129&imgType=R3"
    },
    {
      "시작시간": null,
      "시작일": "2022-04-01",
      "요금": null,
      "종료시간": null,
      "종료일": "2022-04-30",
      "주관": null,
      "주최": null,
      "콘텐츠명": "반려식물과 함께하는 4월의 스누피 가든  -GROWING IN SNOOPY GARDEN",
      "후원": null,"imgUrl" : "https://photo.visitjeju.net/usr/cnt/getContentsImage.do?cntId=10129&imgType=R3"
    },
    {
      "시작시간": null,
      "시작일": "2022-04-16",
      "요금": null,
      "종료시간": null,
      "종료일": "2022-05-15",
      "주관": null,
      "주최": null,
      "콘텐츠명": "상효원수목원 봄꽃축제",
      "후원": null,"imgUrl" : "https://photo.visitjeju.net/usr/cnt/getContentsImage.do?cntId=10129&imgType=R3"
    },
    {
      "시작시간": null,
      "시작일": "2022-06-10",
      "요금": null,
      "종료시간": null,
      "종료일": "2022-07-20",
      "주관": null,
      "주최": null,
      "콘텐츠명": "휴애리 여름수국 축제",
      "후원": null,"imgUrl" : "https://photo.visitjeju.net/usr/cnt/getContentsImage.do?cntId=10129&imgType=R3"
    },
    {
      "시작시간": "14:00",
      "시작일": "2022-12-03",
      "요금": null,
      "종료시간": "17:00",
      "종료일": "2022-12-04",
      "주관": null,
      "주최": null,
      "콘텐츠명": "원도심 12월 소풍",
      "후원": null,"imgUrl" : "https://photo.visitjeju.net/usr/cnt/getContentsImage.do?cntId=10129&imgType=R3"
    },
    {
      "시작시간": null,
      "시작일": "2022-03-01",
      "요금": null,
      "종료시간": null,
      "종료일": "2022-11-30",
      "주관": null,
      "주최": null,
      "콘텐츠명": "제주 문화유산 체험프로그램",
      "후원": null,"imgUrl" : "https://photo.visitjeju.net/usr/cnt/getContentsImage.do?cntId=10129&imgType=R3"
    },
    {
      "시작시간": "10:00",
      "시작일": "2022-05-25",
      "요금": null,
      "종료시간": null,
      "종료일": "2022-05-26",
      "주관": null,
      "주최": null,
      "콘텐츠명": "제주국제트래블마트",
      "후원": null,"imgUrl" : "https://photo.visitjeju.net/usr/cnt/getContentsImage.do?cntId=10129&imgType=R3"
    },
    {
      "시작시간": null,
      "시작일": "2022-06-03",
      "요금": null,
      "종료시간": null,
      "종료일": "2022-06-12",
      "주관": null,
      "주최": null,
      "콘텐츠명": "제2회 웰니스 숲힐링 축제 - 숲, 내일의 우리를 만나다",
      "후원": null,"imgUrl" : "https://photo.visitjeju.net/usr/cnt/getContentsImage.do?cntId=10129&imgType=R3"
    },
    {
      "시작시간": "14:00",
      "시작일": "2022-06-11",
      "요금": null,
      "종료시간": "17:00",
      "종료일": "2022-06-11",
      "주관": null,
      "주최": null,
      "콘텐츠명": "웰니스 숲멍때리기 대회(제2회 웰니스 숲힐링 축제)",
      "후원": null,"imgUrl" : "https://photo.visitjeju.net/usr/cnt/getContentsImage.do?cntId=10129&imgType=R3"
    },
    {
      "시작시간": "09:00",
      "시작일": "2022-06-01",
      "요금": null,
      "종료시간": "18:30",
      "종료일": "2022-07-31",
      "주관": null,
      "주최": null,
      "콘텐츠명": "여름꽃 이야기 비체올린 능소화 축제",
      "후원": null,"imgUrl" : "https://photo.visitjeju.net/usr/cnt/getContentsImage.do?cntId=10129&imgType=R3"
    },
    {
      "시작시간": "09:00",
      "시작일": "2022-06-09",
      "요금": null,
      "종료시간": "19:00",
      "종료일": "2022-08-31",
      "주관": null,
      "주최": null,
      "콘텐츠명": "VACATION IN SNOOPY GARDEN - 올 여름 휴가철 피서도 스누피가든에서 즐기자",
      "후원": null,"imgUrl" : "https://photo.visitjeju.net/usr/cnt/getContentsImage.do?cntId=10129&imgType=R3"
    },
    {
      "시작시간": null,
      "시작일": "2022-07-02",
      "요금": null,
      "종료시간": null,
      "종료일": "2022-09-24",
      "주관": null,
      "주최": null,
      "콘텐츠명": "981 SUNSET MOVIE",
      "후원": null,"imgUrl" : "https://photo.visitjeju.net/usr/cnt/getContentsImage.do?cntId=10129&imgType=R3"
    },
    {
      "시작시간": null,
      "시작일": "2022-07-15",
      "요금": null,
      "종료시간": null,
      "종료일": "2022-09-15",
      "주관": null,
      "주최": null,
      "콘텐츠명": "휴애리 유럽 수국축제",
      "후원": null,"imgUrl" : "https://photo.visitjeju.net/usr/cnt/getContentsImage.do?cntId=10129&imgType=R3"
    },
    {
      "시작시간": "18:30",
      "시작일": "2022-07-01",
      "요금": null,
      "종료시간": "22:00",
      "종료일": "2022-10-17",
      "주관": null,
      "주최": null,
      "콘텐츠명": "제주민속촌 야간개장 귀몽",
      "후원": null,"imgUrl" : "https://photo.visitjeju.net/usr/cnt/getContentsImage.do?cntId=10129&imgType=R3"
    },
    {
      "시작시간": "09:00",
      "시작일": "2022-07-23",
      "요금": null,
      "종료시간": "19:00",
      "종료일": "2022-07-23",
      "주관": null,
      "주최": null,
      "콘텐츠명": "상효원수목원 봉선화축제",
      "후원": null,"imgUrl" : "https://photo.visitjeju.net/usr/cnt/getContentsImage.do?cntId=10129&imgType=R3"
    },
    {
      "시작시간": null,
      "시작일": "2022-09-01",
      "요금": null,
      "종료시간": null,
      "종료일": "2022-10-31",
      "주관": null,
      "주최": null,
      "콘텐츠명": "HAPPINESS IS THE GREAT PUMKIN IN SNOOPY GARDEN - 할로윈 행사도 스누피가든에서 즐기자",
      "후원": null,"imgUrl" : "https://photo.visitjeju.net/usr/cnt/getContentsImage.do?cntId=10129&imgType=R3"
    },
    {
      "시작시간": "10:00",
      "시작일": "2022-10-29",
      "요금": null,
      "종료시간": "18:00",
      "종료일": "2022-10-29",
      "주관": null,
      "주최": null,
      "콘텐츠명": "수눌음 축제",
      "후원": null,"imgUrl" : "https://photo.visitjeju.net/usr/cnt/getContentsImage.do?cntId=10129&imgType=R3"
    },
    {
      "시작시간": null,
      "시작일": "2022-09-17",
      "요금": null,
      "종료시간": null,
      "종료일": "2022-10-15",
      "주관": null,
      "주최": null,
      "콘텐츠명": "2022 제주레저힐링축제",
      "후원": null,"imgUrl" : "https://photo.visitjeju.net/usr/cnt/getContentsImage.do?cntId=10129&imgType=R3"
    },
    {
      "시작시간": "13:00",
      "시작일": "2022-11-19",
      "요금": null,
      "종료시간": "19:00",
      "종료일": "2022-11-19",
      "주관": null,
      "주최": null,
      "콘텐츠명": "2022 제주 에코뮤직페스티벌",
      "후원": null,"imgUrl" : "https://photo.visitjeju.net/usr/cnt/getContentsImage.do?cntId=10129&imgType=R3"
    },
    {
      "시작시간": "13:00",
      "시작일": "2022-11-19",
      "요금": null,
      "종료시간": "22:00",
      "종료일": "2022-11-19",
      "주관": null,
      "주최": null,
      "콘텐츠명": "사계로 페스티벌",
      "후원": null,"imgUrl" : "https://photo.visitjeju.net/usr/cnt/getContentsImage.do?cntId=10129&imgType=R3"
    },
    {
      "시작시간": null,
      "시작일": "2022-11-11",
      "요금": null,
      "종료시간": null,
      "종료일": "2023-03-31",
      "주관": null,
      "주최": null,
      "콘텐츠명": "제주민속촌 몬딱 놀당갑 SHOW",
      "후원": null,"imgUrl" : "https://photo.visitjeju.net/usr/cnt/getContentsImage.do?cntId=10129&imgType=R3"
    },
    {
      "시작시간": null,
      "시작일": "2022-11-24",
      "요금": null,
      "종료시간": null,
      "종료일": "2022-11-26",
      "주관": null,
      "주최": null,
      "콘텐츠명": "제주시 5대 밭작물의 매력에 푹 빠져보세요! <제주밭한끼>",
      "후원": null,"imgUrl" : "https://photo.visitjeju.net/usr/cnt/getContentsImage.do?cntId=10129&imgType=R3"
    },    
    {
      "시작시간": null,
      "시작일": "2022-12-01",
      "요금": null,
      "종료시간": null,
      "종료일": "2022-12-25",
      "주관": null,
      "주최": null,
      "콘텐츠명": "탐나는 원도심 <원도심의 크리스마스>",
      "후원": null,"imgUrl" : "https://photo.visitjeju.net/usr/cnt/getContentsImage.do?cntId=10129&imgType=R3"
    },
    {
      "시작시간": "10:00",
      "시작일": "2022-10-01",
      "요금": null,
      "종료시간": "17:00",
      "종료일": "2022-10-02",
      "주관": null,
      "주최": null,
      "콘텐츠명": "2022 제주잇쇼(EAT쇼)",
      "후원": null,"imgUrl" : "https://photo.visitjeju.net/usr/cnt/getContentsImage.do?cntId=10129&imgType=R3"
    },
    {
      "시작시간": null,
      "시작일": "2022-10-01",
      "요금": null,
      "종료시간": null,
      "종료일": "2022-10-16",
      "주관": null,
      "주최": null,
      "콘텐츠명": "2022 세계유산축전 - 제주화산섬과 용암동굴",
      "후원": null,"imgUrl" : "https://photo.visitjeju.net/usr/cnt/getContentsImage.do?cntId=10129&imgType=R3"
    }
  ],
  "matchCount": 368,
  "page": 11,
  "perPage": 33,
  "totalCount": 368
}